ID,åº—èˆ—å,ä½æ‰€,é›»è©±ç•ªå·,ç¾åœ¨ã®URL
"1a34575c-6c4a-4881-95be-ae39858b55bf","ãƒ»ä»–","æ±äº¬éƒ½å†…","","https://www.youtube.com/playlist?list=PL4CXxHAJyaqG-hHG0j5ih1QvJGhHeKixB"
"d6748ff6-0a39-426a-8b63-0f91bc4b22b0","ãƒ»ä»–","æ±äº¬éƒ½å†…","","https://www.youtube.com/playlist?list=PL4CXxHAJyaqG-hHG0j5ih1QvJGhHeKixB"
"05ddfda7-d446-423b-8262-dca0f725bced","ğŸ“–Loppiãƒ»HMVé™å®šç‰ˆ","æ±äº¬éƒ½å†…","","http://bit.ly/42XsspZ"
"a91ead51-2f91-42dd-8c6f-1917e5530379","ğŸ“–TSUTAYAé™å®šç‰ˆ","æ±äº¬éƒ½å†…","","http://bit.ly/41B09N6"
"702bf87b-1e0b-4e70-9e49-016c35bd313e","ğŸ“–æ¥½å¤©é™å®šç‰ˆ","æ±äº¬éƒ½å†…","","http://bit.ly/3IaofY8"
"e9e655c8-28bb-4811-863e-5df45f4fd75f","109æ¸‹è°·","æ±äº¬éƒ½æ¸‹è°·åŒºé“ç„å‚2-29-1","","https://www.google.com/maps/search/%E6%9D%B1%E4%BA%AC%E9%83%BD%E6%B8%8B%E8%B0%B7%E5%8C%BA%E9%81%93%E7%8E%84%E5%9D%822-29-1"
"3989377b-b2c2-4ef9-b228-48ae823aa299","2:40 ã‚·ãƒŠãƒ¢ãƒ­ãƒ¼ãƒ«ã‚«ãƒ•ã‚§","æ±äº¬éƒ½å†…","","https://www.google.com/maps/search/2%3A40%20%E3%82%B7%E3%83%8A%E3%83%A2%E3%83%AD%E3%83%BC%E3%83%AB%E3%82%AB%E3%83%95%E3%82%A7%20%E6%9D%B1%E4%BA%AC%E9%83%BD%E5%86%85"
"ff64c19e-e7d9-440a-88f7-0c97c358a8fb","400â„ƒ Pizza Tokyo ç¥æ¥½å‚åº—","æ±äº¬éƒ½æ–°å®¿åŒºç¥æ¥½å‚3-2-5 SHKãƒ“ãƒ«1F","",""
"c214c0a2-00cd-48f9-9172-bf7b9e46580f","400Â°C ç¥æ¥½å‚","æ±äº¬éƒ½æ–°å®¿åŒºç¥æ¥½å‚3-2 Kagurazaka Terrace B1F","",""
"f5248622-e12c-45e3-b82a-68153e082919","ABCãƒ©ã‚¸ã‚ª","æ±äº¬éƒ½å†…","","https://www.google.com/maps/search/ABC%E3%83%A9%E3%82%B8%E3%82%AA%20%E6%9D%B1%E4%BA%AC%E9%83%BD%E5%86%85"
"a12e6e16-9100-45fe-91a4-9d29ed384d5b","Blue Seal ã‚¢ãƒ¡ãƒªã‚«ãƒ³ãƒ“ãƒ¬ãƒƒã‚¸åº—","æ²–ç¸„çœŒä¸­é ­éƒ¡åŒ—è°·ç”ºç¾æµœ15-69","","https://www.blueseal.co.jp/"
"81c7c76c-e80c-4ebe-aa5e-da201eff1f55","BLUE SIX COFFEE","æ±äº¬éƒ½æ–°å®¿åŒºéœãƒ¶ä¸˜ç”º5-7 éƒ½ç«‹æ˜æ²»å…¬åœ’Dæ£Ÿ","",""
"5cb387b6-efea-42fa-9164-888d0258e948","Clover's Pancake Cafe","æ±äº¬éƒ½æ¸‹è°·åŒºæµæ¯”å¯¿è¥¿2-20-19","",""
"eff51431-0104-4041-8985-1327132c9925","COCKTAIL WORKS ç¥ä¿ç”º","ã€’101-0052 æ±äº¬éƒ½åƒä»£ç”°åŒºç¥ç”°å°å·ç”º3-7-13 ãƒ´ã‚¡ãƒ³ã‚µãƒ³ã‚¯ãƒ“ãƒ«1F","",""
"0eba79ff-1e8f-4890-94ac-6cf77a6c55d1","dancyué£Ÿå ‚","æ±äº¬éƒ½åƒä»£ç”°åŒºä¸¸ã®å†…ï¼‘ä¸ç›®ï¼™âˆ’ï¼‘ ã‚°ãƒ©ãƒ³ã‚¹ã‚¿å…«é‡åŒ— 1F","",""
"791c5726-cb6b-4659-a773-61e7eb5a8ed1","Donish Coffee Company ç¥æ¥½å‚","æ±äº¬éƒ½æ–°å®¿åŒºç¥æ¥½å‚6-8 æ–‡æ‚ ãƒ“ãƒ«1F","",""
"8f366512-28b9-4df1-83a9-3f245876e455","EL SUENITOï¼ˆã‚¨ãƒ«ã‚¹ã‚¨ãƒ‹ãƒ¼ãƒˆï¼‰","å²¡å±±çœŒå‚™å‰å¸‚æ—¥ç”Ÿç”ºæ—¥ç”Ÿ641-51","","https://el-suenito.com"
"dfa315f2-64a8-4c7a-b8d7-de8ac7a5d978","GiGO æ–°å®¿æ­Œèˆä¼ç”ºåº—","æ±äº¬éƒ½æ–°å®¿å‘¨è¾º","","https://www.google.com/maps/search/GiGO%20%E6%96%B0%E5%AE%BF%E6%AD%8C%E8%88%9E%E4%BC%8E%E7%94%BA%E5%BA%97%20%E6%9D%B1%E4%BA%AC%E9%83%BD%E6%96%B0%E5%AE%BF%E5%91%A8%E8%BE%BA"
"4ef67038-faf9-4d58-a599-1be450228ad8","GINZAéé–€é¦™ éŒ¦ç³¸ç”ºé§…å‰ãƒ—ãƒ©ã‚¶ãƒ“ãƒ«åº—","æ±äº¬éƒ½å¢¨ç”°åŒºéŒ¦ç³¸ç”º","",""
"85823106-2a8a-4951-a97f-d630ad5220c4","Hohokam DINERï¼ˆãƒ›ãƒ›ã‚«ãƒ ãƒ€ã‚¤ãƒŠãƒ¼ï¼‰","æ±äº¬éƒ½æ¸‹è°·åŒºç¥å®®å‰1-14-21","",""
"5d8315f8-5312-4add-a786-88cdd5ef463e","JUNKY SPECIALï¼ˆæ­Œèˆä¼ç”ºï¼‰","ã€’160-0021 æ±äº¬éƒ½æ–°å®¿åŒºæ­Œèˆä¼ç”º2-46-5","",""
"e534e5f1-86cd-4bf1-a566-6da74ed5ece1","KIZASU.COFFEEï¼ˆæ–°æ©‹ï¼‰","ã€’105-0004 æ±äº¬éƒ½æ¸¯åŒºæ–°æ©‹6-16","",""
"8f923343-73a1-4a3a-8f7d-f36a6808876c","L'Occitane Cafe Shibuya","æ±äº¬éƒ½æ¸‹è°·åŒºé“ç„å‚2-3-1","",""
"7dd31864-9dd0-4648-8ee9-46fb81331a55","Napule Pizzeria","æ±äº¬éƒ½æ¸¯åŒºå—é’å±±5-6-24","","https://www.google.com/maps/search/Napule%20Pizzeria%20%E6%9D%B1%E4%BA%AC%E9%83%BD%E6%B8%AF%E5%8C%BA%E5%8D%97%E9%9D%92%E5%B1%B15-6-24"
"3b15c9b0-acad-4d83-8652-a9bddc1f9b2e","NEM COFFEE & ESPRESSO","ã€’106-0047 æ±äº¬éƒ½æ¸¯åŒºå—éº»å¸ƒ4-5-6","",""
"3cd3559e-f94d-4a35-9271-5c326576807a","Paul Bassett æ–°å®¿","æ±äº¬éƒ½æ–°å®¿åŒºè¥¿æ–°å®¿1-1-3 å°ç”°æ€¥ç™¾è²¨åº—æ–°å®¿åº—æœ¬é¤¨2F","",""
"66f6832a-769e-443f-80dd-c67f165e8e27","Paul Bassett æ–°å®¿åº—","æ±äº¬éƒ½æ–°å®¿åŒºè¥¿æ–°å®¿1-1-3 å°ç”°æ€¥ç™¾è²¨åº—æ–°å®¿åº—æœ¬é¤¨12F","",""
"74d24ea9-6388-4358-abb5-713127af2ff1","PLAZA","æ±äº¬éƒ½å†…å„åº—èˆ—","",""
"d63521be-c40d-45a3-bb32-1f9e00793d74","SixTONESã‚­ãƒƒãƒãƒ³ã‚¹ã‚¿ã‚¸ã‚ª","æ±äº¬éƒ½å†…","",""
"9cd4e5fa-33fb-4587-a5cc-8de793b5b91d","ushi8.net","æ±äº¬éƒ½å†…","","https://www.google.com/maps/search/ushi8.net%20%E6%9D%B1%E4%BA%AC%E9%83%BD%E5%86%85"
"ce393ecd-d179-4018-a1af-566ec25afeb3","USHIHACHI æ¸‹è°·åº— æ§˜","æ±äº¬éƒ½æ¸‹è°·å‘¨è¾º","","http://ushi8.net/"
"03fa1617-8950-4369-8b13-b11301660b94","USJ","ä½æ‰€ä¸æ˜","","https://www.google.com/maps/search/%E4%BD%8F%E6%89%80%E4%B8%8D%E6%98%8E"
"855d480a-120e-4b3d-8dba-8ba1806b5b21","Wagaya no Shokudo","æ±äº¬éƒ½æ¸‹è°·åŒºæ¡œä¸˜ç”º8-23-5","","https://www.google.com/maps/search/Wagaya%20no%20Shokudo%20%E6%9D%B1%E4%BA%AC%E9%83%BD%E6%B8%8B%E8%B0%B7%E5%8C%BA%E6%A1%9C%E4%B8%98%E7%94%BA8-23-5"
"dcf0440e-1606-4457-952e-ea66f70fc25f","ã†ã£ã›ã‡ã‚ / Ado Covered by é‡å£è¡£ç¹”ãƒ»ãƒ»ä»–","æ±äº¬éƒ½å†…","","https://www.youtube.com/playlist?list=PL4CXxHAJyaqHF-TUIPh9WZSjmpH-Ya5Bf"
"0ac86bb0-bda2-411f-a6b5-269dd8344f79","ã†ã£ã›ã‡ã‚ / Ado Covered by é‡å£è¡£ç¹”ãƒ»ãƒ»ä»–","æ±äº¬éƒ½å†…","","https://www.youtube.com/playlist?list=PL4CXxHAJyaqHF-TUIPh9WZSjmpH-Ya5Bf"
"e3ef104d-eda0-4692-8be3-b8c28ff7bf6c","ãˆã‚“ã¨ã¤å±‹ å—é’å±±åº—","æ±äº¬éƒ½æ¸¯åŒºå—é’å±±3-8-2 ã‚µãƒ³ãƒ–ãƒªãƒƒã‚¸é’å±±1F","",""
"f298429f-f6c4-4cb3-a589-4a2a70ddef7d","ãŠã²ã¤è†³ç”°ã‚“ã¼","æ±äº¬éƒ½ä¸–ç”°è°·åŒºä¸‰è»’èŒ¶å±‹ï¼‘ä¸ç›®ï¼’ï¼™âˆ’ï¼‘ï¼","",""
"02c3797f-6f1d-4a02-9461-c70c2000dfcf","ãŠå°å ´æµ·æµœå…¬åœ’BBQã‚¨ãƒªã‚¢","æ±äº¬éƒ½æ¸¯åŒºå°å ´1-4-1","","https://www.google.com/maps/search/%E6%9D%B1%E4%BA%AC%E9%83%BD%E6%B8%AF%E5%8C%BA%E5%8F%B0%E5%A0%B41-4-1"
"b4c1537c-52af-495e-bdd0-f1123df8d3a4","ãŠå°å ´æµ·æµœå…¬åœ’BBQã‚¨ãƒªã‚¢","æ±äº¬éƒ½æ¸¯åŒºå°å ´1-4-1","","https://www.google.com/maps/search/%E6%9D%B1%E4%BA%AC%E9%83%BD%E6%B8%AF%E5%8C%BA%E5%8F%B0%E5%A0%B41-4-1"
"bdb0a2d5-36fc-4c87-a872-ba986ed227ba","ã‹ãŠãŸã‚“ãƒ©ãƒ¼ãƒ¡ãƒ³ãˆã‚“ã¨ã¤å±‹ å—é’å±±åº—","æ±äº¬éƒ½æ¸¯åŒºå—é’å±±2-27-18 ãƒ‘ã‚µãƒ¼ã‚¸ãƒ¥é’å±±2F","",""
"6c93fb26-2f87-4462-b349-c444750b656a","ã‹ãæ°·å·¥æˆ¿ é›ªè“","æ±äº¬éƒ½æ‰ä¸¦åŒºé«˜å††å¯ºå—4-24-11","","https://www.google.com/maps/search/%E3%81%8B%E3%81%8D%E6%B0%B7%E5%B7%A5%E6%88%BF%20%E9%9B%AA%E8%8F%93%20%E6%9D%B1%E4%BA%AC%E9%83%BD%E6%9D%89%E4%B8%A6%E5%8C%BA%E9%AB%98%E5%86%86%E5%AF%BA%E5%8D%974-24-11"
"c23562ca-bb13-41af-aff9-ba08d8bf6c68","ã‚­ãƒƒãƒãƒ³ã‚ªãƒªã‚¸ãƒ³ èµ¤å‚åº—","æ±äº¬éƒ½æ¸¯åŒºèµ¤å‚ï¼•ä¸ç›®ï¼•âˆ’ï¼—","",""
"ce1711b4-cefd-4711-860a-64043536c006","ã‚­ãƒƒãƒãƒ³ã´ãƒ¼ãªã£ã¤","æ±äº¬éƒ½è’å·åŒºè¥¿å°¾ä¹…6-18-1","","https://www.kitchen-peanut.com/"
"48e1b64d-2677-4e27-ae1c-69da5313baa0","ã‚­ãƒƒãƒãƒ³å—å›½","æ±äº¬éƒ½æ–°å®¿åŒºæˆ¸å¡šç”º1-101","","https://www.instagram.com/kitchen_nangoku/"
"5f69bce6-ece3-4cb9-a189-0ce6fc6cfcf6","ãã‚‰å¯¿å¸ å¤§é˜ªãƒ»é–¢è¥¿ä¸‡åšåº—","å¤§é˜ªåºœå¤§é˜ªå¸‚æ­¤èŠ±åŒºå¤¢æ´²2ä¸ç›®1-1 å¤§é˜ªãƒ»é–¢è¥¿ä¸‡åšä¼šå ´å†…","","https://www.kurasushi.co.jp/2025expo/store/"
"e0d0ab0c-2279-487c-b669-6a819f8a896f","ã“ã“ã®ã¤ 3å·åº—","æ±äº¬éƒ½è¶³ç«‹åŒºåƒä½æ±2-3-7","","https://kitasenju9.com/"
"a9504dbd-7d8e-42a0-bc8b-8e51f4ae8c87","ã”ã£ã¤ãŠã‚‰ãƒ¼ã‚ã‚“é³¥å–åº—","é³¥å–çœŒé³¥å–å¸‚æœ«åºƒæ¸©æ³‰ç”º159-4","","https://gottsuo.jp/"
"8c385908-92c4-4f66-bcc8-81ef7c10e8c2","ã‚µãƒ³ãƒªã‚ªã‚«ãƒ•ã‚§","æ±äº¬éƒ½å†…","","https://www.google.com/maps/search/%E3%82%B5%E3%83%B3%E3%83%AA%E3%82%AA%E3%82%AB%E3%83%95%E3%82%A7%20%E6%9D%B1%E4%BA%AC%E9%83%BD%E5%86%85"
"370d92fd-5e83-49b6-9a2c-1ab8409c0fd1","ã‚µãƒ³ãƒªã‚ªã‚«ãƒ•ã‚§æ± è¢‹åº—","æ±äº¬éƒ½æ± è¢‹å‘¨è¾º","","https://www.google.com/maps/search/%E3%82%B5%E3%83%B3%E3%83%AA%E3%82%AA%E3%82%AB%E3%83%95%E3%82%A7%E6%B1%A0%E8%A2%8B%E5%BA%97%20%E6%9D%B1%E4%BA%AC%E9%83%BD%E6%B1%A0%E8%A2%8B%E5%91%A8%E8%BE%BA"
"fc59e40a-f6d9-48b9-b58f-8f1f9e3284e8","ã‚µãƒ³ãƒªã‚ªãƒ”ãƒ¥ãƒ¼ãƒ­ãƒ©ãƒ³ãƒ‰","æ±äº¬éƒ½å¤šæ‘©å¸‚è½åˆ1-31","","https://www.google.com/maps/search/%E6%9D%B1%E4%BA%AC%E9%83%BD%E5%A4%9A%E6%91%A9%E5%B8%82%E8%90%BD%E5%90%881-31"
"beb7c154-b3f0-4a16-b984-934ca8257259","ã‚µãƒ³ãƒªã‚ªãƒ”ãƒ¥ãƒ¼ãƒ­ãƒ©ãƒ³ãƒ‰","æ±äº¬éƒ½å¤šæ‘©å¸‚è½åˆ1-31","","https://www.google.com/maps/search/%E6%9D%B1%E4%BA%AC%E9%83%BD%E5%A4%9A%E6%91%A9%E5%B8%82%E8%90%BD%E5%90%881-31"
"c9c0deb1-6a9f-4d0a-91a9-22d4c86ece1b","ã‚µãƒ³ãƒªã‚ªãƒ”ãƒ¥ãƒ¼ãƒ­ãƒ©ãƒ³ãƒ‰","æ±äº¬éƒ½å¤šæ‘©å¸‚è½åˆ1-31","","https://www.google.com/maps/search/%E6%9D%B1%E4%BA%AC%E9%83%BD%E5%A4%9A%E6%91%A9%E5%B8%82%E8%90%BD%E5%90%881-31"
"ea675902-f137-4c5d-841a-8e20c754c350","ã‚µãƒ³ãƒªã‚ªãƒ”ãƒ¥ãƒ¼ãƒ­ãƒ©ãƒ³ãƒ‰","æ±äº¬éƒ½å¤šæ‘©å¸‚è½åˆ1-31","","https://www.google.com/maps/search/%E6%9D%B1%E4%BA%AC%E9%83%BD%E5%A4%9A%E6%91%A9%E5%B8%82%E8%90%BD%E5%90%881-31"
"72d6c947-80fd-4a7e-9840-b8d861c86603","ã‚µãƒ³ãƒªã‚ªãƒ”ãƒ¥ãƒ¼ãƒ­ãƒ©ãƒ³ãƒ‰","æ±äº¬éƒ½å¤šæ‘©å¸‚è½åˆ1-31","","https://www.google.com/maps/search/%E6%9D%B1%E4%BA%AC%E9%83%BD%E5%A4%9A%E6%91%A9%E5%B8%82%E8%90%BD%E5%90%881-31"
"b78b6d23-c621-4837-a255-18062e501473","ã‚µãƒ³ãƒªã‚ªãƒ”ãƒ¥ãƒ¼ãƒ­ãƒ©ãƒ³ãƒ‰","æ±äº¬éƒ½å¤šæ‘©å¸‚è½åˆ1-31","","https://www.google.com/maps/search/%E6%9D%B1%E4%BA%AC%E9%83%BD%E5%A4%9A%E6%91%A9%E5%B8%82%E8%90%BD%E5%90%881-31"
"a31739e7-1c16-4859-9267-e4c036420622","ã‚¸ãƒ£ãƒ‘ãƒ³","æ±äº¬éƒ½å†…","","https://www.google.com/maps/search/%E3%82%B8%E3%83%A3%E3%83%91%E3%83%B3%20%E6%9D%B1%E4%BA%AC%E9%83%BD%E5%86%85"
"76c1a5d1-7220-4673-9cf5-a0b94168f861","ã˜ã‚ƒã‚“ãŒã‚‰ ãƒ©ãƒ¼ãƒ¡ãƒ³","æ±äº¬éƒ½æ¸‹è°·åŒºç¥å®®å‰4-30-3 æ±æ€¥ãƒ—ãƒ©ã‚¶è¡¨å‚é“åŸå®¿ B1F","",""
"2825ad7c-2b80-4692-90fa-c9a58b2e3a74","ã‚¹ã‚¤ãƒ¼ãƒ„ãƒ‘ãƒ©ãƒ€ã‚¤ã‚¹","æ±äº¬éƒ½å†…å„åº—èˆ—","","https://www.google.com/maps/search/%E6%9D%B1%E4%BA%AC%E9%83%BD%E5%86%85%E5%90%84%E5%BA%97%E8%88%97"
"f794a4ee-8d0e-4ebe-a4e8-824dd3747843","ã‚¹ã‚¤ãƒ¼ãƒ„ãƒ‘ãƒ©ãƒ€ã‚¤ã‚¹","æ±äº¬éƒ½å†…å„åº—èˆ—","","https://www.google.com/maps/search/%E6%9D%B1%E4%BA%AC%E9%83%BD%E5%86%85%E5%90%84%E5%BA%97%E8%88%97"
"50eda8a9-8974-46fb-9eef-f80491acaf0b","ã‚¹ã‚¤ãƒ¼ãƒ„ãƒ‘ãƒ©ãƒ€ã‚¤ã‚¹ä¸Šé‡ãƒãƒ«ã‚¤åº—","æ±äº¬éƒ½ä¸Šé‡å‘¨è¾º","","https://www.google.com/maps/search/%E3%82%B9%E3%82%A4%E3%83%BC%E3%83%84%E3%83%91%E3%83%A9%E3%83%80%E3%82%A4%E3%82%B9%E4%B8%8A%E9%87%8E%E3%83%9E%E3%83%AB%E3%82%A4%E5%BA%97%20%E6%9D%B1%E4%BA%AC%E9%83%BD%E4%B8%8A%E9%87%8E%E5%91%A8%E8%BE%BA"
"4454e9ab-1357-4cc2-b5ef-95c54652642c","ã‚¹ã‚¿ãƒ¼ãƒãƒƒã‚¯ã‚¹ ã‚³ãƒ¼ãƒ’ãƒ¼ æ¸‹è°·ã‚¹ã‚«ã‚¤åº—","æ±äº¬éƒ½æ¸‹è°·åŒºæ¸‹è°·2-24-12 æ¸‹è°·ã‚¹ã‚«ã‚¤14éš","","https://www.starbucks.co.jp/"
"89af107e-2e90-41a3-98b0-c16dba7d8abe","ã‚¹ã‚¿ã‚¸ã‚ª","æ±äº¬éƒ½å†…","","https://www.google.com/maps/search/%E3%82%B9%E3%82%BF%E3%82%B8%E3%82%AA%20%E6%9D%B1%E4%BA%AC%E9%83%BD%E5%86%85"
"6ae0f3d4-c6cc-461e-afbb-1d069d1efae1","ã‚¹ãƒ‘ã‚¤ã‚·ãƒ¼ ã‚«ãƒ¬ãƒ¼ é­¯çˆï¼ˆã‚ã‹ï¼‰","æ±äº¬éƒ½æ–°å®¿åŒºç¥æ¥½å‚5-1-2 ç¥æ¥½å‚TNãƒ’ãƒ«ã‚º1F","",""
"7b433da8-0c9b-4909-8488-3923964a4d75","ã‚¹ãƒ‘ã‚¤ã‚·ãƒ¼ã‚«ãƒ¬ãƒ¼é­¯çˆ","æ±äº¬éƒ½æ–°å®¿åŒºå¤§ä¹…ä¿2-32-2","",""
"1088de5a-bf7b-4488-98a7-79cda39c260a","ã‚¹ãƒšã‚¤ãƒ³æ–™ç† Pablo (ãƒ‘ãƒ–ãƒ­)","æ±äº¬éƒ½ç›®é»’åŒºæ±å±±1-6-13 ãƒªãƒ†ãƒ¼ãƒ©ä¸­ç›®é»’1F","","https://pablo.favy.jp/"
"d0130d0d-e935-4146-9724-75c047c3d671","ãƒ†ã‚£ãƒƒãƒ—ãƒã‚¹ä¸‰è»’èŒ¶å±‹åº—","ã€’154-0024 æ±äº¬éƒ½ä¸–ç”°è°·åŒºä¸‰è»’èŒ¶å±‹2-2-16","03-5787-1811","https://tip.tipness.co.jp/shop_info/SHP013/"
"7d7873c7-3727-4142-869a-526c4e34560f","ãƒ†ã‚£ãƒ•ã‚¡ãƒ‹ãƒ¼éŠ€åº§æœ¬åº—","ã€’104-0061 æ±äº¬éƒ½ä¸­å¤®åŒºéŠ€åº§2-7-17","03-3224-5111","https://www.tiffany.co.jp/"
"01e579b4-8c1f-4f8f-bb6e-240d76df5c59","ãƒŠãƒ“ã‚ªã‚¹æ¨ªæµœ","ã€’231-0001 ç¥å¥ˆå·çœŒæ¨ªæµœå¸‚ä¸­åŒºæ–°æ¸¯2-1-1","045-633-6000","https://www.navios-yokohama.com/"
"d612db79-8db0-4b4e-9f2a-d6570776c674","ãƒŠãƒ—ãƒ¬å—é’å±±æœ¬åº—","æ±äº¬éƒ½æ¸¯åŒºå—é’å±±5-6-24 æ—ãƒ“ãƒ«","","https://napule-pizza.com/aoyama/"
"386d585f-5bad-433f-b2f8-8085202709e6","ãƒ‘ãƒ³ãƒ€ãƒ¬ã‚¹ãƒˆãƒ©ãƒ³","æ±äº¬éƒ½æ¸‹è°·åŒºé“ç„å‚2-6-16 äº•é–€ãƒ“ãƒ« B1F","","https://pandarestaurant.gorp.jp/"
"74492771-bd13-41e7-a19e-49ad52e41b63","ãƒ“ã‚¹ãƒˆãƒ­é…’å ´ T4 KITCHEN æ¸‹è°·åº—","ã€’150-0041 æ±äº¬éƒ½æ¸‹è°·åŒºç¥å—1-12-16","",""
"b87e1262-58b3-4cd1-ae94-6860d2051f8e","ãƒ•ãƒ¬ãƒƒã‚·ãƒ¥ãƒã‚¹ãƒãƒ¼ã‚¬ãƒ¼ æ¸‹è°·ã‚»ãƒ³ã‚¿ãƒ¼è¡—åº—","æ±äº¬éƒ½æ¸‹è°·åŒºå®‡ç”°å·ç”º25-5","","https://www.google.com/maps/search/%E6%9D%B1%E4%BA%AC%E9%83%BD%E6%B8%8B%E8%B0%B7%E5%8C%BA%E5%AE%87%E7%94%B0%E5%B7%9D%E7%94%BA25-5"
"97b42b86-68ae-4bc6-8840-526bcf4cf525","ãƒ•ãƒ¬ãƒƒã‚·ãƒ¥ãƒã‚¹ãƒãƒ¼ã‚¬ãƒ¼ æ¸‹è°·ã‚»ãƒ³ã‚¿ãƒ¼è¡—åº—","æ±äº¬éƒ½æ¸‹è°·åŒºå®‡ç”°å·ç”º25-5","","https://www.google.com/maps/search/%E6%9D%B1%E4%BA%AC%E9%83%BD%E6%B8%8B%E8%B0%B7%E5%8C%BA%E5%AE%87%E7%94%B0%E5%B7%9D%E7%94%BA25-5"
"06d638bf-bcbd-47d9-bd29-88cafa76cbc1","ãƒ•ãƒ¬ãƒƒã‚·ãƒ¥ãƒã‚¹ãƒãƒ¼ã‚¬ãƒ¼ æ¸‹è°·ã‚»ãƒ³ã‚¿ãƒ¼è¡—åº—","æ±äº¬éƒ½æ¸‹è°·åŒºå®‡ç”°å·ç”º25-5","","https://www.google.com/maps/search/%E6%9D%B1%E4%BA%AC%E9%83%BD%E6%B8%8B%E8%B0%B7%E5%8C%BA%E5%AE%87%E7%94%B0%E5%B7%9D%E7%94%BA25-5"
"88881729-e9ff-4fe4-a40c-6ee87f5b3618","ãƒ•ãƒ¬ãƒƒã‚·ãƒ¥ãƒã‚¹ãƒãƒ¼ã‚¬ãƒ¼ æ¸‹è°·ã‚»ãƒ³ã‚¿ãƒ¼è¡—åº—","æ±äº¬éƒ½æ¸‹è°·åŒºå®‡ç”°å·ç”º25-5","","https://www.google.com/maps/search/%E6%9D%B1%E4%BA%AC%E9%83%BD%E6%B8%8B%E8%B0%B7%E5%8C%BA%E5%AE%87%E7%94%B0%E5%B7%9D%E7%94%BA25-5"
"405597a3-4699-4780-a029-2491de140147","ãƒ–ãƒ¬ãƒƒãƒ„ã‚«ãƒ•ã‚§ ã‚¯ãƒ¬ãƒ¼ãƒ—ãƒªãƒ¼ è¡¨å‚é“åº—","æ±äº¬éƒ½æ¸‹è°·åŒºç¥å®®å‰3-5-4","","https://www.breizh-cafe.com/"
"dbec65ce-a57d-4391-8343-dc417eba2a31","ãƒœãƒ¼ãƒˆãƒ¬ãƒ¼ã‚¹æµœåæ¹–","é™å²¡çœŒæ¹–è¥¿å¸‚æ–°å±…ç”ºä¸­ä¹‹éƒ·3727-7","","https://www.google.com/maps/search/%E9%9D%99%E5%B2%A1%E7%9C%8C%E6%B9%96%E8%A5%BF%E5%B8%82%E6%96%B0%E5%B1%85%E7%94%BA%E4%B8%AD%E4%B9%8B%E9%83%B73727-7"
"d055f2c3-500f-4bd8-aa14-0b40285ae003","ãƒœãƒ¼ãƒˆãƒ¬ãƒ¼ã‚¹æµœåæ¹–","é™å²¡çœŒæ¹–è¥¿å¸‚æ–°å±…ç”ºä¸­ä¹‹éƒ·3727-7","","https://www.google.com/maps/search/%E9%9D%99%E5%B2%A1%E7%9C%8C%E6%B9%96%E8%A5%BF%E5%B8%82%E6%96%B0%E5%B1%85%E7%94%BA%E4%B8%AD%E4%B9%8B%E9%83%B73727-7"
"e8ad5124-359f-407c-b6a8-0558bd394c55","ãƒœãƒ¼ãƒˆãƒ¬ãƒ¼ã‚¹æµœåæ¹–","é™å²¡çœŒæ¹–è¥¿å¸‚æ–°å±…ç”ºä¸­ä¹‹éƒ·3727-7","","https://www.google.com/maps/search/%E9%9D%99%E5%B2%A1%E7%9C%8C%E6%B9%96%E8%A5%BF%E5%B8%82%E6%96%B0%E5%B1%85%E7%94%BA%E4%B8%AD%E4%B9%8B%E9%83%B73727-7"
"ab80963c-9582-4c1f-b454-3c9b8340706b","ãƒœãƒ¼ãƒˆãƒ¬ãƒ¼ã‚¹æµœåæ¹–","é™å²¡çœŒæ¹–è¥¿å¸‚æ–°å±…ç”ºä¸­ä¹‹éƒ·3727-7","","https://www.google.com/maps/search/%E9%9D%99%E5%B2%A1%E7%9C%8C%E6%B9%96%E8%A5%BF%E5%B8%82%E6%96%B0%E5%B1%85%E7%94%BA%E4%B8%AD%E4%B9%8B%E9%83%B73727-7"
"9e842533-1f34-45fa-9568-aeab199e2e4a","ãƒœãƒ¼ãƒˆãƒ¬ãƒ¼ã‚¹æµœåæ¹–","é™å²¡çœŒæ¹–è¥¿å¸‚æ–°å±…ç”ºä¸­ä¹‹éƒ·3727-7","","https://www.google.com/maps/search/%E9%9D%99%E5%B2%A1%E7%9C%8C%E6%B9%96%E8%A5%BF%E5%B8%82%E6%96%B0%E5%B1%85%E7%94%BA%E4%B8%AD%E4%B9%8B%E9%83%B73727-7"
"d69be670-af8f-4cd2-b794-e61c7a579f8d","ãƒœãƒ¼ãƒˆãƒ¬ãƒ¼ã‚¹æµœåæ¹–","é™å²¡çœŒæ¹–è¥¿å¸‚æ–°å±…ç”ºä¸­ä¹‹éƒ·3727-7","","https://www.google.com/maps/search/%E9%9D%99%E5%B2%A1%E7%9C%8C%E6%B9%96%E8%A5%BF%E5%B8%82%E6%96%B0%E5%B1%85%E7%94%BA%E4%B8%AD%E4%B9%8B%E9%83%B73727-7"
"be37f45c-5a83-476d-b631-df6dde7ea8fb","ãƒœãƒ¼ãƒˆãƒ¬ãƒ¼ã‚¹æµœåæ¹–","é™å²¡çœŒæ¹–è¥¿å¸‚æ–°å±…ç”ºä¸­ä¹‹éƒ·3727-7","","https://www.google.com/maps/search/%E9%9D%99%E5%B2%A1%E7%9C%8C%E6%B9%96%E8%A5%BF%E5%B8%82%E6%96%B0%E5%B1%85%E7%94%BA%E4%B8%AD%E4%B9%8B%E9%83%B73727-7"
"063fb769-f352-4893-9bb8-2a1603ac8fc2","ãƒœãƒ¼ãƒˆãƒ¬ãƒ¼ã‚¹æµœåæ¹–","é™å²¡çœŒæ¹–è¥¿å¸‚æ–°å±…ç”ºä¸­ä¹‹éƒ·3727-7","","https://www.google.com/maps/search/%E9%9D%99%E5%B2%A1%E7%9C%8C%E6%B9%96%E8%A5%BF%E5%B8%82%E6%96%B0%E5%B1%85%E7%94%BA%E4%B8%AD%E4%B9%8B%E9%83%B73727-7"
"62d88503-8942-4cd8-a46f-85b1bb98754f","ãƒœãƒ¼ãƒˆãƒ¬ãƒ¼ã‚¹æµœåæ¹–","é™å²¡çœŒæ¹–è¥¿å¸‚æ–°å±…ç”ºä¸­ä¹‹éƒ·3727-7","","https://www.google.com/maps/search/%E9%9D%99%E5%B2%A1%E7%9C%8C%E6%B9%96%E8%A5%BF%E5%B8%82%E6%96%B0%E5%B1%85%E7%94%BA%E4%B8%AD%E4%B9%8B%E9%83%B73727-7"
"cca5f911-fdee-4711-a7ee-c7f542fc869d","ãƒœãƒ¼ãƒˆãƒ¬ãƒ¼ã‚¹æµœåæ¹–","é™å²¡çœŒæ¹–è¥¿å¸‚æ–°å±…ç”ºä¸­ä¹‹éƒ·3727-7","","https://www.google.com/maps/search/%E9%9D%99%E5%B2%A1%E7%9C%8C%E6%B9%96%E8%A5%BF%E5%B8%82%E6%96%B0%E5%B1%85%E7%94%BA%E4%B8%AD%E4%B9%8B%E9%83%B73727-7"
"c57e0996-e886-49b2-9298-01560c508c77","ãƒãƒ¼ãƒ«ãƒ»ãƒœã‚­ãƒ¥ãƒ¼ã‚º è¥¿æ–°å®¿åº—","æ±äº¬éƒ½æ–°å®¿åŒºè¥¿æ–°å®¿1-26-2 æ–°å®¿é‡æ‘ãƒ“ãƒ«48éš","","https://www.bocuse.jp/"
"7b626cea-bc1a-4865-8925-c2a2d0927bab","ãƒ›ãƒ†ãƒ«ãƒ‹ãƒ¥ãƒ¼ã‚ªãƒ¼ã‚¿ãƒ‹æ±äº¬ ã‚¬ãƒ¼ãƒ‡ãƒ³ãƒ©ã‚¦ãƒ³ã‚¸","æ±äº¬éƒ½åƒä»£ç”°åŒºç´€å°¾äº•ç”º4-1 ãƒ›ãƒ†ãƒ«ãƒ‹ãƒ¥ãƒ¼ã‚ªãƒ¼ã‚¿ãƒ‹æ±äº¬","",""
"fdc57371-028b-4ad1-99bd-9981ccc75444","ãƒ¢ã‚¹ãƒãƒ¼ã‚¬ãƒ¼èŠå¤§é–€åº—","æ±äº¬éƒ½æ¸¯åŒºèŠå¤§é–€1-15-7","","https://www.mos.jp/shop/detail/?shop_cd=02323"
"d100a125-a133-4384-8208-f021865b56a5","ãƒ¦ãƒ‹ãƒãƒ¼ã‚µãƒ«","æ±äº¬éƒ½å†…","","https://www.google.com/maps/search/%E3%83%A6%E3%83%8B%E3%83%90%E3%83%BC%E3%82%B5%E3%83%AB%20%E6%9D%B1%E4%BA%AC%E9%83%BD%E5%86%85"
"24024091-d64f-464e-9913-68600f5f607d","ãƒ¦ãƒ‹ãƒãƒ¼ã‚µãƒ«","æ±äº¬éƒ½å†…","","https://www.google.com/maps/search/%E3%83%A6%E3%83%8B%E3%83%90%E3%83%BC%E3%82%B5%E3%83%AB%20%E6%9D%B1%E4%BA%AC%E9%83%BD%E5%86%85"
"847da026-cfb9-4931-9d9b-cb57475a7de7","ãƒ«ãƒ»ãƒ‘ãƒ³ãƒ»ã‚³ãƒ†ã‚£ãƒ‡ã‚£ã‚¢ãƒ³èŠå…¬åœ’åº—","æ±äº¬éƒ½æ¸¯åŒºèŠå…¬åœ’3-3-1","",""
"31f1f45a-5e40-489a-9cb0-6771d716e507","ã‚ãŒå®¶ã®é£Ÿå ‚ è‘›è¥¿åº—","æ±äº¬éƒ½æ±Ÿæˆ¸å·åŒºä¸­è‘›è¥¿8-23-5 ç¬¬2å®‡ç”°å·ãƒ“ãƒ«1F","","https://wagayanosyokudou.com/"
"44d8966c-c17c-4083-83fd-4df513c3d449","ã‚ã‚“ã“ãã°å°‚é–€åº—","æ±äº¬éƒ½æ¸‹è°·åŒº","",""
"da9b5a6d-b341-465a-b9dd-e4fdcc6c6f8e","ä¸­è¯æ–™ç† åå…«ç•ª","æ±äº¬éƒ½åƒä»£ç”°åŒºç¥ç”°","",""
"217d91d4-fee5-43e0-a2b8-423cd49e1295","ä¹å·ã˜ã‚ƒã‚“ãŒã‚‰åŸå®¿åº—","æ±äº¬éƒ½æ¸‹è°·åŒºç¥å®®å‰1-13-21","",""
"b7e3a6b0-d450-40f9-8921-6e937aeaf965","äºŒä¸ç›®é£Ÿå ‚ãƒˆãƒ¬ãƒ‰","æ±äº¬éƒ½æ–°å®¿åŒºç¥æ¥½å‚ï¼’ä¸ç›®ï¼–","",""
"9dba22c4-45a4-4c46-b6e5-e7728a8b3117","ä¼Šå‹¢å±‹é£Ÿå ‚","æ±äº¬éƒ½æ–°å®¿åŒºå¤§ä¹…ä¿1-12-1 ç¬¬2éŸ“å›½åºƒå ´å¸‚å ´å†…","","https://www.google.com/maps/search/ä¼Šå‹¢å±‹é£Ÿå ‚+å¤§ä¹…ä¿"
"61f7d076-e631-4689-b91f-f524b48d0eec","ä¼Šæ±é£Ÿå ‚","æ±äº¬éƒ½è±Šå³¶åŒºæ±æ± è¢‹","",""
"a5236caf-fead-4387-85b4-11f699dd38df","ä½ã€…æœ¨ èˆé¦™ Maika Sasaki","æ±äº¬éƒ½å†…","","https://twitter.com/sasaki_maika"
"2e07d542-8a72-414f-96b3-47f03b30879f","ä½ã€…æœ¨ èˆé¦™ Maika Sasaki","æ±äº¬éƒ½å†…","","https://twitter.com/sasaki_maika"
"9a40f52b-adcc-4a3f-8921-918290f41d79","ä½ç«¹ ã®ã‚“ä¹ƒ Nonno Satake","æ±äº¬éƒ½å†…","","https://twitter.com/satake_nonno"
"64f57509-240c-40a0-be08-65950717686c","ä½é‡ã¿ã äº€æˆ¸æœ¬åº—","æ±äº¬éƒ½æ±Ÿæ±åŒºäº€æˆ¸2-3-10","",""
"698cc315-faab-45fe-be58-37eaf0823daf","å…¨å›½å„åœ°ã®æœ‰åãƒ©ãƒ¼ãƒ¡ãƒ³åº—èˆ—ãŒé›†ã†æ–°æ¨ªæµœãƒ©ãƒ¼ãƒ¡ãƒ³åšç‰©é¤¨","æ±äº¬éƒ½æ¨ªæµœå‘¨è¾º","","https://www.google.com/maps/search/%E5%85%A8%E5%9B%BD%E5%90%84%E5%9C%B0%E3%81%AE%E6%9C%89%E5%90%8D%E3%83%A9%E3%83%BC%E3%83%A1%E3%83%B3%E5%BA%97%E8%88%97%E3%81%8C%E9%9B%86%E3%81%86%E6%96%B0%E6%A8%AA%E6%B5%9C%E3%83%A9%E3%83%BC%E3%83%A1%E3%83%B3%E5%8D%9A%E7%89%A9%E9%A4%A8%20%E6%9D%B1%E4%BA%AC%E9%83%BD%E6%A8%AA%E6%B5%9C%E5%91%A8%E8%BE%BA"
"8d340753-f9c5-412f-90e4-7594e9f1b5e7","å…­è§’å®¶ 1994+","æ±äº¬éƒ½å†…","","https://www.raumen.co.jp/shop/rokkakuya.html"
"b39b6280-6ffb-47a0-b36a-7f6af2d90a14","å†¨ç”° èœã€…é¢¨ Nanaka Tomita","æ±äº¬éƒ½å†…","","https://twitter.com/tomita_nanaka"
"10ce72ce-fe76-4768-960f-bb70c8d697cb","åˆ©å°»ã‚‰ãƒ¼ã‚ã‚“å‘³æ¥½","æ±äº¬éƒ½å†…","","https://www.raumen.co.jp/shop/rishiri.html"
"e4bf4474-174a-4265-9c74-3be2fc1a2822","å›è»¢ã‚ã‚“ã“ãã°ãã‚‹ãã‚‹ã‚ã‚“ã“","æ±äº¬éƒ½å†…","","https://www.google.com/maps/search/%E5%9B%9E%E8%BB%A2%E3%82%8F%E3%82%93%E3%81%93%E3%81%9D%E3%81%B0%E3%81%8F%E3%82%8B%E3%81%8F%E3%82%8B%E3%82%8F%E3%82%93%E3%81%93%20%E6%9D%B1%E4%BA%AC%E9%83%BD%E5%86%85"
"994efa92-e87f-4bd4-a08b-4b3db7df567d","å›è»¢ã‚ã‚“ã“ãã°åº—","æ±äº¬éƒ½å†…","",""
"681b0f98-4048-45ef-bde8-edc6ddd2b331","åœŸé‹ã”é£¯ ã„ãã—ã‹ ä¸­ç›®é»’åº—","æ±äº¬éƒ½ç›®é»’åŒºä¸­ç›®é»’1-4-6-1F","","https://ikushika.com/"
"8efc7fd3-e54e-4ba0-b669-5fb6390577f5","åœŸé‹ã”é£¯ã„ãã—ã‹ ä¸­ç›®é»’åº—","æ±äº¬éƒ½ç›®é»’åŒºä¸­ç›®é»’1-4-6 1F","","https://ikushika.com/"
"65ba0581-0ace-492a-a8eb-996bc8b88da6","å¤œã«é§†ã‘ã‚‹ / YOASOBI Covered by é‡å£è¡£ç¹”ãƒ»ãƒ»ä»–","æ±äº¬éƒ½å†…","","https://www.youtube.com/playlist?list=PL4CXxHAJyaqHF-TUIPh9WZSjmpH-Ya5Bf"
"f6c6a18e-5301-4b39-b643-bead09982c70","å¤œã«é§†ã‘ã‚‹ / YOASOBI Covered by é‡å£è¡£ç¹”ãƒ»ãƒ»ä»–","æ±äº¬éƒ½å†…","","https://www.youtube.com/playlist?list=PL4CXxHAJyaqHF-TUIPh9WZSjmpH-Ya5Bf"
"8d010664-b812-42df-b7db-40fe8757a6da","å¤œã«é§†ã‘ã‚‹ / YOASOBI Covered by é‡å£è¡£ç¹”ãƒ»ãƒ»ä»–","æ±äº¬éƒ½å†…","","https://www.youtube.com/playlist?list=PL4CXxHAJyaqHF-TUIPh9WZSjmpH-Ya5Bf"
"d56a7113-b08c-49b5-9cce-ce1c74c183cf","å¤œã«é§†ã‘ã‚‹ / YOASOBI Covered by é‡å£è¡£ç¹”ãƒ»ãƒ»ä»–","æ±äº¬éƒ½å†…","","https://www.youtube.com/playlist?list=PL4CXxHAJyaqHF-TUIPh9WZSjmpH-Ya5Bf"
"3f0a7755-69fb-464d-8768-a4f475c1a735","å¤§å ´ èŠ±èœ Hana Oba","æ±äº¬éƒ½å†…","","https://twitter.com/hana_oba"
"b51564c5-8af6-4b19-b862-7b3aaabd84e7","å¤§å ´ èŠ±èœ Hana Oba","æ±äº¬éƒ½å†…","","https://twitter.com/hana_oba"
"7dcfa7db-4296-40a8-8e04-ad13f159f18d","å¤§è¡†ç„¼è‚‰ æš´é£²æš´é£Ÿ","æ±äº¬éƒ½æ±Ÿæ±åŒºæ±é™½3ä¸ç›®24-19","070-6964-5518",""
"09cbb092-c0e0-4248-b0cb-519a2af65e28","å¤§è°· æ˜ ç¾é‡Œ Emiri Otani","æ±äº¬éƒ½å†…","","https://twitter.com/otani_emiri"
"3d7d0515-c300-4da8-b3b5-b9345b8aaeb3","å±±æœ¬ æå¥ˆ Anna Yamamoto","æ±äº¬éƒ½å†…","","https://twitter.com/yamamoto_anna_"
"bfb8d12f-8e2b-459e-a625-68cc937c1de9","å±±æœ¬ æå¥ˆ Anna Yamamoto","æ±äº¬éƒ½å†…","","https://twitter.com/yamamoto_anna_"
"fb0adf88-858e-416c-84f9-08ec14017a1f","å·ä¸­å­ å¥ˆæœˆå¿ƒ Natsumi Kawanago","æ±äº¬éƒ½å†…","","https://twitter.com/kawanagonatsumi"
"75c9aef0-e088-48ca-8d6d-c8bf8e7d5695","å¿—ã¥ã‚„","ã€’110-0015 æ±äº¬éƒ½å°æ±åŒºæ±ä¸Šé‡2-4-3","",""
"77a18670-4ad6-4299-9779-2ed8a5ba4c15","æŒ½è‚‰ã¨ç±³","æ±äº¬éƒ½æ¸‹è°·åŒºå®‡ç”°å·ç”º36-6 ãƒ¯ãƒ¼ãƒ«ãƒ‰å®‡ç”°å·ãƒ“ãƒ« 4F","",""
"87be31f1-3343-4f0f-a76c-46d34c0e7f15","æŒ½è‚‰ã¨ç±³ æ¸‹è°·","æ±äº¬éƒ½æ¸‹è°·åŒºæ¸‹è°·3-6-19 ç¬¬1çŸ¢æœ¨ãƒ“ãƒ«1F","",""
"5c42415b-40ef-4cb8-ab17-423dbe4549e3","æ–°æ¨ªæµœãƒ©ãƒ¼ãƒ¡ãƒ³åšç‰©é¤¨","æ±äº¬éƒ½æ¨ªæµœå‘¨è¾º","","https://www.google.com/maps/search/%E6%96%B0%E6%A8%AA%E6%B5%9C%E3%83%A9%E3%83%BC%E3%83%A1%E3%83%B3%E5%8D%9A%E7%89%A9%E9%A4%A8%20%E6%9D%B1%E4%BA%AC%E9%83%BD%E6%A8%AA%E6%B5%9C%E5%91%A8%E8%BE%BA"
"d4a501cf-62c2-49e7-8fd7-5ad1874009c3","æ–°æ¨ªæµœãƒ©ãƒ¼ãƒ¡ãƒ³åšç‰©é¤¨","ç¥å¥ˆå·çœŒæ¨ªæµœå¸‚æ¸¯åŒ—åŒºæ–°æ¨ªæµœ2-14-21","","https://www.google.com/maps/search/%E6%96%B0%E6%A8%AA%E6%B5%9C%E3%83%A9%E3%83%BC%E3%83%A1%E3%83%B3%E5%8D%9A%E7%89%A9%E9%A4%A8%20%E7%A5%9E%E5%A5%88%E5%B7%9D%E7%9C%8C%E6%A8%AA%E6%B5%9C%E5%B8%82%E6%B8%AF%E5%8C%97%E5%8C%BA%E6%96%B0%E6%A8%AA%E6%B5%9C2-14-21"
"b5452723-5ca8-4a69-870d-bada3c218bb8","æ–°æ¨ªæµœãƒ©ãƒ¼ãƒ¡ãƒ³åšç‰©é¤¨","","",""
"10f638f1-5ba6-47ae-80ba-d1cd94267c9a","æ–°æ¨ªæµœãƒ©ãƒ¼ãƒ¡ãƒ³åšç‰©é¤¨","","",""
"986a9665-48e5-41ff-bf17-235016d6753e","æ–°æ¨ªæµœãƒ©ãƒ¼ãƒ¡ãƒ³åšç‰©é¤¨","ç¥å¥ˆå·çœŒæ¨ªæµœå¸‚æ¸¯åŒ—åŒºæ–°æ¨ªæµœ2-14-21","",""
"4ecbd8a0-f08e-4989-b054-bce030795c46","æœãƒ©ãƒ¼ãƒ¡ãƒ³åº—","æ±äº¬éƒ½å†…","",""
"b5634cc9-d94c-417d-9b45-0f381ddeebcc","æ±äº¬éƒ½åºç¬¬ä¸€åºèˆ32éšè·å“¡é£Ÿå ‚","æ±äº¬éƒ½æ–°å®¿åŒºè¥¿æ–°å®¿ï¼’ä¸ç›®ï¼˜âˆ’ï¼‘","",""
"365abc24-2e67-4481-9086-329acf633a26","æ±é™½ç”º å¤§è¡†ç„¼è‚‰ æš´é£²æš´é£Ÿ","ã€’135-0016 æ±äº¬éƒ½æ±Ÿæ±åŒºæ±é™½3-24-19","",""
"ba3d2b0a-909d-40d8-acfe-94746f4b09e3","æ¥µå‘³ã‚„ æ¸‹è°·ãƒ‘ãƒ«ã‚³åº—","æ±äº¬éƒ½æ¸‹è°·åŒºå®‡ç”°å·ç”º15-1 æ¸‹è°·PARCO B1F","",""
"d35b7e20-1491-46b3-8b1b-2b639215e10c","æ«»äº• ã‚‚ã‚‚ Momo Sakurai","æ±äº¬éƒ½å†…","","https://twitter.com/_sakurai_momo_"
"aefed561-d2fd-405f-a959-e044863d5738","æ­¦è”µé‡ã‚¢ãƒ–ãƒ©å­¸æœƒ æ—©ç¨²ç”°åˆ¥é¤¨","æ±äº¬éƒ½æ–°å®¿åŒºå–œä¹…äº•ç”º65","","https://www.aburagaku.com/"
"f3bf788e-bf16-4710-8e8a-09ff93de54c6","æ±Ÿã®å³¶æµ·é®®ãƒ¬ã‚¹ãƒˆãƒ©ãƒ³","ç¥å¥ˆå·çœŒè—¤æ²¢å¸‚æ±Ÿã®å³¶","",""
"04c721cd-3c80-442a-a9e6-3c068214bd6b","æ²³å£ å¤éŸ³ Natsune Kawaguchi","æ±äº¬éƒ½å†…","","https://twitter.com/kawaguchi_natsu"
"a34cd709-6148-4be4-813d-7daf14798e3f","ç€§è„‡ ç¬™å¤ Shoko Takiwaki","æ±äº¬éƒ½å†…","","https://twitter.com/shoko_takiwaki"
"3fd49ed5-7992-40aa-8366-3001af6f42ad","ç€§è„‡ ç¬™å¤ Shoko Takiwaki","æ±äº¬éƒ½å†…","","https://twitter.com/shoko_takiwaki"
"847286f3-9381-413a-9df0-1538723f1837","ç€§è„‡ ç¬™å¤ Shoko Takiwaki","æ±äº¬éƒ½å†…","","https://twitter.com/shoko_takiwaki"
"be000a2a-28a7-453f-8e9e-dfa731699bd4","ç€¬æˆ¸å†…ãƒãƒ« Collabo (ã‚³ãƒ©ãƒœ)","æ±äº¬éƒ½ä¸–ç”°è°·åŒºå¤ªå­å ‚1-6-9 1F","","https://setouchi-collabo.com/"
"bbe8ec56-0482-4dd7-a119-d411460fe4c4","ç„¼ãé³¥åº—","æ±äº¬éƒ½å†…","",""
"04e0e720-b6e9-4150-8918-92cb806c0444","ç„¼è‚‰ãƒˆãƒ©ã‚¸ äº¬æ©‹åº—","æ±äº¬éƒ½å†…","","https://www.google.com/maps/search/%E7%84%BC%E8%82%89%E3%83%88%E3%83%A9%E3%82%B8%20%E4%BA%AC%E6%A9%8B%E5%BA%97%20%E6%9D%B1%E4%BA%AC%E9%83%BD%E5%86%85"
"69183498-393b-4f50-9ac6-502033a893d1","ç„¼è‚‰å¤ä»Š","æ±äº¬éƒ½æ¸¯åŒºè¥¿éº»å¸ƒ1-10-7 FT-2ã®2F","",""
"e3f56129-6f1a-4025-aee6-ef4ef3904bb3","ç†±æµ·ãƒ—ãƒªãƒ³é£Ÿå ‚","æ±äº¬éƒ½å†…","","https://www.google.com/maps/search/%E7%86%B1%E6%B5%B7%E3%83%97%E3%83%AA%E3%83%B3%E9%A3%9F%E5%A0%82%20%E6%9D%B1%E4%BA%AC%E9%83%BD%E5%86%85"
"35fa739f-6228-4fd3-8632-3c1f4c2ceb5d","ç‰›è§’ èµ¤å‚åº—","æ±äº¬éƒ½èµ¤å‚å‘¨è¾º","","https://www.google.com/maps/search/%E7%89%9B%E8%A7%92%20%E8%B5%A4%E5%9D%82%E5%BA%97%20%E6%9D%B1%E4%BA%AC%E9%83%BD%E8%B5%A4%E5%9D%82%E5%91%A8%E8%BE%BA"
"524529fa-2096-4182-b99e-9ae8e133562e","ç¾åœ¨é–‹å‚¬ä¸­ã®ã‚¹ã‚¤ãƒ¼ãƒ„ãƒ‘ãƒ©ãƒ€ã‚¤ã‚¹Ã—â‰ MEã®ã‚³ãƒ©ãƒœã‚«ãƒ•ã‚§","æ±äº¬éƒ½å†…","","https://www.google.com/maps/search/%E7%8F%BE%E5%9C%A8%E9%96%8B%E5%82%AC%E4%B8%AD%E3%81%AE%E3%82%B9%E3%82%A4%E3%83%BC%E3%83%84%E3%83%91%E3%83%A9%E3%83%80%E3%82%A4%E3%82%B9%C3%97%E2%89%A0ME%E3%81%AE%E3%82%B3%E3%83%A9%E3%83%9C%E3%82%AB%E3%83%95%E3%82%A7%20%E6%9D%B1%E4%BA%AC%E9%83%BD%E5%86%85"
"5298fbed-de56-4620-be1d-4e12cef22034","ç››æ¥¼é–£","å²©æ‰‹çœŒç››å²¡å¸‚ç››å²¡é§…å‰é€š15-5 2F","",""
"53343019-f092-497e-99c6-cd361b620d76","ç›¸æ’²èŒ¶å±‹ å¯ºå°¾","æ±äº¬éƒ½å¢¨ç”°åŒºä¸¡å›½","",""
"19fdc05d-d9f1-43c7-96c4-1717811dc86d","ç­‹è‚‰é£Ÿå ‚","æ±äº¬éƒ½ä¸­å¤®åŒºéŠ€åº§","",""
"9ca734d6-6672-4c0e-a421-146d1531cece","ç¯‰åœ°æœ¬é¡˜å¯ºã‚«ãƒ•ã‚§ Tsumugi","æ±äº¬éƒ½ä¸­å¤®åŒºç¯‰åœ°3-15-1 ç¯‰åœ°æœ¬é¡˜å¯ºå†…","","https://cafe-tsumugi.jp/"
"d44827d4-0589-46fe-92f1-0f172f08d847","ç·æœ¬å®¶ æ›´ç§‘å €äº• éº»å¸ƒåç•ªæœ¬åº—","æ±äº¬éƒ½æ¸¯åŒºå…ƒéº»å¸ƒ3-11-4","","https://www.sarashina-horii.com/azabu/"
"a6c211ba-e5de-4e34-bc61-a79f3ef7b617","ç¾½ç”°å¸‚å ´ GINZA SEVEN","æ±äº¬éƒ½ä¸­å¤®åŒºéŠ€åº§7-14-15 æ‰å±±ãƒ“ãƒ«B1F","","https://hanedaichiba-kaitensushi.jp/store/ginza-seven/"
"706de7f7-870e-4b49-a0eb-bebd33d56b94","ç¾½ç”°å¸‚å ´ GINZA SEVEN","æ±äº¬éƒ½ä¸­å¤®åŒºéŠ€åº§7-14-15 æ‰å±±ãƒ“ãƒ«B1F","","https://hanedaichiba.com/shop/ginza_seven/"
"914f0d24-aa29-47a4-9b3c-ffcfb6ec73b3","èƒ¡åŒ è¥¿éº»å¸ƒåº—","æ±äº¬éƒ½æ¸¯åŒºè¥¿éº»å¸ƒ1-15-19","",""
"78c5cbfd-4231-49fd-b7b8-3b19fdb5c606","è‡ªå®¶è£½éºº223","æ±äº¬éƒ½æ–°å®¿åŒºåŒ—æ–°å®¿3-9-10 ä¹…ç±³ãƒãƒ³ã‚·ãƒ§ãƒ³ 101","",""
"1805b7b0-5be9-4342-bf87-55beea3e24d2","è…æ³¢ ç¾ç² Mirei Suganami","æ±äº¬éƒ½å†…","","https://twitter.com/suganami_mirei"
"8cd4d48f-f728-4a69-936f-83f174eb15db","è…æ³¢ ç¾ç² Mirei Suganami","æ±äº¬éƒ½å†…","","https://twitter.com/suganami_mirei"
"e5bff626-73c6-4793-8d32-ff02191258c9","è…æ³¢ ç¾ç² Mirei Suganami","æ±äº¬éƒ½å†…","","https://twitter.com/suganami_mirei"
"6ea0ef23-76e1-48fd-a4d0-76bc7e161c26","è½åˆ å¸Œæ¥é‡Œ Kirari Ochiai","æ±äº¬éƒ½å†…","","https://twitter.com/ochiai_kirari"
"280debdc-6eac-4122-97a7-33fe0d436641","è½åˆ å¸Œæ¥é‡Œ Kirari Ochiai","æ±äº¬éƒ½å†…","","https://twitter.com/ochiai_kirari"
"46b20a78-5305-4157-bbf6-e55d08151624","è“®æœˆï¼ˆã‚Œã‚“ã’ã¤ï¼‰ã‚«ãƒ•ã‚§","ã€’143-0041 æ±äº¬éƒ½å¤§ç”°åŒºæ± ä¸Š2-20-11","",""
"6df6d105-c03a-414f-bc55-2c028c6f5be0","èŸ¹æ²¢ èŒå­ Moeko Kanisawa","æ±äº¬éƒ½å†…","","https://twitter.com/kanisawa_moeko"
"464fd5be-f1da-419d-ad8d-271a0163ed17","èŸ¹æ²¢ èŒå­ Moeko Kanisawa","æ±äº¬éƒ½å†…","","https://twitter.com/kanisawa_moeko"
"086c8d07-af50-4a23-b826-d820704b0787","è«¸æ©‹ æ²™å¤ Sana Morohashi","æ±äº¬éƒ½å†…","","https://twitter.com/morohashi_sana"
"b68e3bfa-9ed4-441c-9a4c-a8b16a88967d","è«¸æ©‹ æ²™å¤ Sana Morohashi","æ±äº¬éƒ½å†…","","https://twitter.com/morohashi_sana"
"715fb0eb-f168-4ff3-b870-f31947196291","è°·å´ æ—©è€¶ Saya Tanizaki","æ±äº¬éƒ½å†…","","https://twitter.com/tanizaki_saya"
"2b8837f9-6afe-4201-90f6-6c7825ad28da","é‡å£ è¡£ç¹” Iori Noguchi","æ±äº¬éƒ½å†…","","https://twitter.com/noguchi_iori"
"0ba3cf1d-648d-41a9-ae01-da1c6caada1c","é‡£èˆ¹èŒ¶å±‹ã–ã†ãŠ æ¸‹è°·åº—","æ±äº¬éƒ½æ¸‹è°·åŒºç¥å—1-19-3 ãƒã‚¤ãƒãƒ³ãƒ†ãƒ³ç¥å—ãƒ“ãƒ«B1","","https://www.google.com/maps/search/%E9%87%A3%E8%88%B9%E8%8C%B6%E5%B1%8B%E3%81%96%E3%81%86%E3%81%8A%20%E6%B8%8B%E8%B0%B7%E5%BA%97%20%E6%9D%B1%E4%BA%AC%E9%83%BD%E6%B8%8B%E8%B0%B7%E5%8C%BA%E7%A5%9E%E5%8D%971-19-3%20%E3%83%8F%E3%82%A4%E3%83%9E%E3%83%B3%E3%83%86%E3%83%B3%E7%A5%9E%E5%8D%97%E3%83%93%E3%83%ABB1"
"06453de0-e8e9-411a-a284-a353d1a8ce05","é‡£èˆ¹èŒ¶å±‹ã–ã†ãŠæ–°å®¿åº—","æ±äº¬éƒ½æ–°å®¿åŒºè¥¿æ–°å®¿3-2-9 æ–°å®¿ãƒ¯ã‚·ãƒ³ãƒˆãƒ³ãƒ›ãƒ†ãƒ« 1éš","",""
"20878533-47b1-455f-90e4-78fc7cbf5c42","éˆ´æœ¨ ç³ç¾ Hitomi Suzuki","æ±äº¬éƒ½å†…","","https://twitter.com/suzuki_hitomi_"
"c86aa42a-cb8d-4160-96f8-e6ef14869b4f","éˆ´æœ¨ ç³ç¾ Hitomi Suzuki","æ±äº¬éƒ½å†…","","https://twitter.com/suzuki_hitomi_"
"e967ee53-afc0-4536-8aaa-cf9281d661dd","éˆ´æœ¨ ç³ç¾ Hitomi Suzuki","æ±äº¬éƒ½å†…","","https://twitter.com/suzuki_hitomi_"
"411067ce-4381-4608-995c-98b9ce8028b0","éˆ´æœ¨ ç³ç¾ Hitomi Suzuki","æ±äº¬éƒ½å†…","","https://twitter.com/suzuki_hitomi_"
"1d9630be-103f-493c-bd61-9cb9bab6af22","éŠ€åº§æœˆã¨èŠ±","æ±äº¬éƒ½ä¸­å¤®åŒºéŠ€åº§4-10-6 G4ãƒ“ãƒ«1éš","",""
"60000bf9-0d9d-4e60-8acc-3bda5cb0be0f","éŠ€åº§é¢¨é¦™","æ±äº¬éƒ½ä¸­å¤®åŒºç¯‰åœ°2-6-8","",""
"92e5a04a-f358-4acf-aa60-07fb4ee86b9f","é–‹åº—å‰ã®ãŠåº—","æ±äº¬éƒ½å†…","","https://www.google.com/maps/search/%E9%96%8B%E5%BA%97%E5%89%8D%E3%81%AE%E3%81%8A%E5%BA%97%20%E6%9D%B1%E4%BA%AC%E9%83%BD%E5%86%85"
"bbae2f7b-cc36-4609-beaa-04b66544c437","éŸ³å¶‹ è‰æ²™ Risa Otoshima","æ±äº¬éƒ½å†…","","https://twitter.com/otoshima_risa"
"43f76acd-9077-4ef8-ab1b-253549289990","é¤ƒå­ã®ç‹å°†","å…¨å›½ãƒã‚§ãƒ¼ãƒ³åº—","",""
"ffc1ec1c-a6a8-45e3-8718-aa05463d8df6","é«˜ç´šãƒ¬ã‚¹ãƒˆãƒ©ãƒ³","æ±äº¬éƒ½æ¸¯åŒºéŠ€åº§","",""
"c941ef82-ca1e-4cc5-9941-2eb1b7444509","é«™æ¾ç³Hitomi Takamatsu","æ±äº¬éƒ½å†…","","https://twitter.com/takamatsuhitomi"
"df1d85e1-fbff-4954-8992-67b17f195749","é«™æ¾ç³Hitomi Takamatsu","æ±äº¬éƒ½å†…","","https://twitter.com/takamatsuhitomi"
"208ee841-1bc2-46a0-8d71-419da0606c1e","é½Šè—¤ ãªãã• Nagisa Saito","æ±äº¬éƒ½å†…","","https://twitter.com/saito_nagisa"
"68b53727-ce71-41d4-ac9a-eeea3cd1d83d","é½‹è—¤ æ¨¹æ„›ç¾… Kiara Saito","æ±äº¬éƒ½å†…","","https://twitter.com/saitou_kiara"
"b39d12c3-a577-40f3-b1ed-ab57dca5f297","é½‹è—¤ æ¨¹æ„›ç¾… Kiara Saito","æ±äº¬éƒ½å†…","","https://twitter.com/saitou_kiara"